"Track URI","Track Name","Artist URI(s)","Artist Name(s)","Album URI","Album Name","Album Artist URI(s)","Album Artist Name(s)","Album Release Date","Album Image URL","Disc Number","Track Number","Track Duration (ms)","Track Preview URL","Explicit","Popularity","ISRC","Added By","Added At"
"spotify:track:2374M0fQpWi3dLnB54qaLX","Africa","spotify:artist:0PFtn5NtBbbUNbU9EAmIWF","TOTO","spotify:album:62U7xIHcID94o20Of5ea4D","Toto IV","spotify:artist:0PFtn5NtBbbUNbU9EAmIWF","TOTO","1982-04-08","https://i.scdn.co/image/ab67616d0000b273ebd6d20c0082524244ef83df","1","10","295282","https://p.scdn.co/mp3-preview/e7321b4ea1af32a9c622bc8ec3adcd0a0bb06b1e?cid=9950ac751e34487dbbe027c4fd7f8e99","false","90","USSM19801941","spotify:user:12163616235","2025-04-11T00:29:49Z"
"spotify:track:3cfOd4CMv2snFaKAnMdnvK","All Star","spotify:artist:2iEvnFsWxR0Syqu2JNopAd","Smash Mouth","spotify:album:2kyTLcEZe6nc1s6ve0zW9P","Astro Lounge","spotify:artist:2iEvnFsWxR0Syqu2JNopAd","Smash Mouth","1999-06-08","https://i.scdn.co/image/ab67616d0000b2734f3bbf9631faeb8de9912a23","1","5","200373","https://p.scdn.co/mp3-preview/2e63cdb1c3dd5808abce774674f5c440c614f53a?cid=9950ac751e34487dbbe027c4fd7f8e99","false","83","USIR19902220","spotify:user:12163616235","2025-04-11T00:30:07Z"
"spotify:track:6KqiVlOLfDzJViJVAPym1p","All You Need Is Love - Remastered 2015","spotify:artist:3WrFJ7ztbogyGnTHbHJFl2","The Beatles","spotify:album:7vEJAtP3KgKSpOHVgwm3Eh","1 (Remastered 2015)","spotify:artist:3WrFJ7ztbogyGnTHbHJFl2","The Beatles","2000-11-13","https://i.scdn.co/image/ab67616d0000b273582d56ce20fe0146ffa0e5cf","1","18","227760","https://p.scdn.co/mp3-preview/c270ac73dad0d164bab7e29fcf2ea2d236de72db?cid=9950ac751e34487dbbe027c4fd7f8e99","false","56","GBUM71505889","spotify:user:12163616235","2025-04-11T00:30:18Z"
"spotify:track:71SvEDmsOwIWw1IozsZoMA","Any Way You Want It","spotify:artist:0rvjqX7ttXeg3mTy8Xscbt","Journey","spotify:album:2OyVtIEp7O7a6o82DF4Ba5","Departure","spotify:artist:0rvjqX7ttXeg3mTy8Xscbt","Journey","1980","https://i.scdn.co/image/ab67616d0000b2737e8045e318486885fe243817","1","1","201693","https://p.scdn.co/mp3-preview/956e5625f9c5d81535193dadd860c084457f65e3?cid=9950ac751e34487dbbe027c4fd7f8e99","false","74","USSM18100114","spotify:user:12163616235","2025-04-11T00:30:29Z"
"spotify:track:0HZlND4giwzgolBpaNIRGV","Aquarius/Let The Sunshine In (The Flesh Failures) - From the Musical ""Hair""","spotify:artist:1UUYAQ9LiRsZF0ZukQNWXM","The 5th Dimension","spotify:album:1kVipwgtVNAaHM7Py341Ch","The Age Of Aquarius","spotify:artist:1UUYAQ9LiRsZF0ZukQNWXM","The 5th Dimension","1969","https://i.scdn.co/image/ab67616d0000b273ea38fd37178bbcb6d57269f3","1","1","289293","https://p.scdn.co/mp3-preview/9797daed39ac2728ca0dd25d3bf5ad25df553f21?cid=9950ac751e34487dbbe027c4fd7f8e99","false","61","USAR10001747","spotify:user:12163616235","2025-04-11T00:30:46Z"
"spotify:track:45Ia1U4KtIjAPPU7Wv1Sea","Are You Gonna Go My Way","spotify:artist:5gznATMVO85ZcLTkE9ULU7","Lenny Kravitz","spotify:album:35LzZH7Fgog8lf1hfcdoMQ","Are You Gonna Go My Way","spotify:artist:5gznATMVO85ZcLTkE9ULU7","Lenny Kravitz","1993-03-09","https://i.scdn.co/image/ab67616d0000b273542d87e4d1512bf7facb3860","1","1","211933","https://p.scdn.co/mp3-preview/271d6ec9d9a4f202a2d081a88b2f7183dc125682?cid=9950ac751e34487dbbe027c4fd7f8e99","false","76","USVI29300001","spotify:user:12163616235","2025-04-11T00:30:56Z"
"spotify:track:4qv7YSyt5UV8LvrXyE8sGn","Can You Feel It - 7"" Version","spotify:artist:2yrbLiuBmc9j81lTX3XUuI","The Jacksons","spotify:album:77dNyQA0z8dV33M4so4eRY","The Essential Michael Jackson","spotify:artist:3fMbdgg4jU18AjLCKBhRSm","Michael Jackson","2005-07-19","https://i.scdn.co/image/ab67616d0000b2736c1748b440eb462a19f24eec","1","14","231178","https://p.scdn.co/mp3-preview/c5d36162cedd3a4bf8f30c643f1c957dc69a7459?cid=9950ac751e34487dbbe027c4fd7f8e99","false","58","USSM10503851","spotify:user:12163616235","2025-04-11T00:36:34Z"
"spotify:track:4DMKwE2E2iYDKY01C335Uw","Carry on Wayward Son","spotify:artist:2hl0xAkS2AIRAu23TVMBG1","Kansas","spotify:album:7MejfRSNnrpcLZIxkeZDqR","Leftoverture (Expanded Edition)","spotify:artist:2hl0xAkS2AIRAu23TVMBG1","Kansas","1976","https://i.scdn.co/image/ab67616d0000b2731be40e44db112e123e5e8b51","1","1","323000","https://p.scdn.co/mp3-preview/189d19a38bab3a4ee0e6401f77903e3696bb522e?cid=9950ac751e34487dbbe027c4fd7f8e99","false","81","USSM17600874","spotify:user:12163616235","2025-04-11T00:37:25Z"
"spotify:track:3K7Q9PHUWPTaknlbFPThn2","Celebration","spotify:artist:3VNITwohbvU5Wuy5PC6dsI","Kool & The Gang","spotify:album:2kc4mhFRsoIRVD0XEYnwhI","Celebrate!","spotify:artist:3VNITwohbvU5Wuy5PC6dsI","Kool & The Gang","1980-09-29","https://i.scdn.co/image/ab67616d0000b273887b7c596249f628db6c6473","1","1","298866","https://p.scdn.co/mp3-preview/1ba26bd1583538201bbd9c8b9d822b2d340eb301?cid=9950ac751e34487dbbe027c4fd7f8e99","false","75","USPR38007190","spotify:user:12163616235","2025-04-11T00:37:35Z"
"spotify:track:3CBKRRO3QiypbyLMJv2udO","Centerfield","spotify:artist:5ujCegv1BRbEPTCwQqFk6t","John Fogerty","spotify:album:5QTuGhli0RWcjH1J9QIUgi","The Long Road Home - The Ultimate John Fogerty / Creedence Collection","spotify:artist:5ujCegv1BRbEPTCwQqFk6t","John Fogerty","1984-01-01","https://i.scdn.co/image/ab67616d0000b273d1e8e132c219e1cf70d51a5b","1","3","231306","https://p.scdn.co/mp3-preview/5c94dfd2200f417310c644bb01f1b80b453763c4?cid=9950ac751e34487dbbe027c4fd7f8e99","false","51","USDW10110142","spotify:user:12163616235","2025-04-11T00:37:45Z"
"spotify:track:0PsbWiVtix5FoTZ1s00mEl","Come Sail Away","spotify:artist:4salDzkGmfycRqNUbyBphh","Styx","spotify:album:6MFIBPVrZjHjP0pPkVF3IU","The Grand Illusion","spotify:artist:4salDzkGmfycRqNUbyBphh","Styx","1977-01-01","https://i.scdn.co/image/ab67616d0000b27388f0f719259b0dec23a7c367","1","4","367000","https://p.scdn.co/mp3-preview/1c4230c09ea44c03a840f872c69696e01678f88b?cid=9950ac751e34487dbbe027c4fd7f8e99","false","68","USUMG0000438","spotify:user:12163616235","2025-04-11T00:37:55Z"
"spotify:track:0q21FNwES2bbtcduB6kjEU","Dancing in the Moonlight","spotify:artist:5FHwr1FymaS5kutIEK6e2y","King Harvest","spotify:album:2W5SVDEBlGqHYqt5sa9PnA","Dancing in the Moonlight","spotify:artist:5FHwr1FymaS5kutIEK6e2y","King Harvest","1973-01-01","https://i.scdn.co/image/ab67616d0000b273dcd829318f889df294d2bb7a","1","10","181133","https://p.scdn.co/mp3-preview/7a9886f285cbed054d2209c1076094f573f97de2?cid=9950ac751e34487dbbe027c4fd7f8e99","false","78","USY4W0610011","spotify:user:12163616235","2025-04-11T00:38:17Z"
"spotify:track:1udKn1oNKYQSQ9OmiIWCMu","Do You Believe in Magic?","spotify:artist:7CCn4PFRRRZF127jtCBAUe","The Lovin' Spoonful","spotify:album:5bx2ZHa0KUDMD5T0r9V030","Do you Believe In Magic","spotify:artist:7CCn4PFRRRZF127jtCBAUe","The Lovin' Spoonful","1965-11","https://i.scdn.co/image/ab67616d0000b2730b6b12fd915f73fce8082de3","1","1","125826","https://p.scdn.co/mp3-preview/73fc153079cd3b54d4e057ece1a72f5aeccbdbeb?cid=9950ac751e34487dbbe027c4fd7f8e99","false","70","USBR16600004","spotify:user:12163616235","2025-04-11T00:38:27Z"
"spotify:track:4QySZtWymRGNgrwxZOODKF","Don't Look Back","spotify:artist:29kkCKKGXheHuoO829FxWK","Boston","spotify:album:2bJalk1WMed8Z2CZca2zKp","Don't Look Back","spotify:artist:29kkCKKGXheHuoO829FxWK","Boston","1978-08-02","https://i.scdn.co/image/ab67616d0000b27380aee3216dbae96c8d21c452","1","1","360333","https://p.scdn.co/mp3-preview/de718bd875c5ba35e0689c6a83271521b3ac1743?cid=9950ac751e34487dbbe027c4fd7f8e99","false","61","USSM10002502","spotify:user:12163616235","2025-04-11T00:38:44Z"
"spotify:track:4bEb3KE4mSKlTFjtWJQBqO","Don't Stop - 2004 Remaster","spotify:artist:08GQAI4eElDnROBrJRGE0X","Fleetwood Mac","spotify:album:1bt6q2SruMsBtcerNVtpZB","Rumours","spotify:artist:08GQAI4eElDnROBrJRGE0X","Fleetwood Mac","1977-02-04","https://i.scdn.co/image/ab67616d0000b27357df7ce0eac715cf70e519a7","1","4","193346","https://p.scdn.co/mp3-preview/64b1e9388ec19f29fa36d38d1f80f56d77df56a3?cid=9950ac751e34487dbbe027c4fd7f8e99","false","76","USWB10400049","spotify:user:12163616235","2025-04-11T00:39:03Z"
"spotify:track:7hQJA50XrCWABAu5v6QZ4i","Don't Stop Me Now - Remastered 2011","spotify:artist:1dfeR4HaWDbWqFHLkxsg1d","Queen","spotify:album:21HMAUrbbYSj9NiPPlGumy","Jazz (Deluxe Remastered Version)","spotify:artist:1dfeR4HaWDbWqFHLkxsg1d","Queen","1978-11-10","https://i.scdn.co/image/ab67616d0000b273008b06ec71019afd70153889","1","12","209413","https://p.scdn.co/mp3-preview/6acd7c641b8f550fdb247ec6f2abe83b43fe0729?cid=9950ac751e34487dbbe027c4fd7f8e99","false","68","GBUM71029610","spotify:user:12163616235","2025-04-11T00:40:09Z"
"spotify:track:2gE95JskwQ1pCACTpGe1Db","Down On The Corner","spotify:artist:3IYUhFvPQItj6xySrBmZkd","Creedence Clearwater Revival","spotify:album:31q47gQszFt0CddSyMksgO","Willy And The Poor Boys (Expanded Edition)","spotify:artist:3IYUhFvPQItj6xySrBmZkd","Creedence Clearwater Revival","1969-11-02","https://i.scdn.co/image/ab67616d0000b2739f39192f9f8ca1c90847b3e5","1","1","166280","https://p.scdn.co/mp3-preview/66b818b52dc530d2bad51e11d74f68099f115059?cid=9950ac751e34487dbbe027c4fd7f8e99","false","75","USC4R0817613","spotify:user:12163616235","2025-04-11T00:40:35Z"
"spotify:track:4WYFQLVqla6tpYtKsSqcgu","Draggin' the Line","spotify:artist:01hRNr3yF5bYnPq4wZ88iI","Tommy James & The Shondells","spotify:album:5IL9KRDDd1L4m6f9SKS0yN","Tommy James and The Shondells: Anthology","spotify:artist:01hRNr3yF5bYnPq4wZ88iI","Tommy James & The Shondells","2007-11-20","https://i.scdn.co/image/ab67616d0000b273c7e53ebccd56b1314f5939f1","1","27","164866","https://p.scdn.co/mp3-preview/1344cc74e07560295fecdb0b4b2fdb0faa75355c?cid=9950ac751e34487dbbe027c4fd7f8e99","false","59","USRH10721639","spotify:user:12163616235","2025-04-11T00:40:48Z"
"spotify:track:2APxH5XbOLDTmW9X5yi6Hw","Dreams","spotify:artist:2cnMpRsOVqtPMfq7YiFE6K","Van Halen","spotify:album:5Ew5vOg3PYyT9QUPCrdIZq","5150","spotify:artist:2cnMpRsOVqtPMfq7YiFE6K","Van Halen","1986-03-24","https://i.scdn.co/image/ab67616d0000b27381e66f0aa00989cbe6030d57","1","4","294000","https://p.scdn.co/mp3-preview/eb4fdb81a43a546813e05b6db3ba6492a2d004d9?cid=9950ac751e34487dbbe027c4fd7f8e99","false","67","USWB10902263","spotify:user:12163616235","2025-04-11T00:40:57Z"
"spotify:track:4ZVZBc5xvMyV3WzWktn8i7","Everyday People","spotify:artist:5m8H6zSadhu1j9Yi04VLqD","Sly & The Family Stone","spotify:album:7iwS1r6JHYJe9xpPjzmWqD","Stand","spotify:artist:5m8H6zSadhu1j9Yi04VLqD","Sly & The Family Stone","1969-05-03","https://i.scdn.co/image/ab67616d0000b273147e35fd67f22f92cb587c3b","1","6","141506","https://p.scdn.co/mp3-preview/99614fb587d12a17a3a054a53048064af25d4066?cid=9950ac751e34487dbbe027c4fd7f8e99","false","65","USSM19913826","spotify:user:12163616235","2026-06-05T14:26:26Z"
"spotify:track:0zpSxRMkSx3yj3gBEGWNb1","Fun, Fun, Fun - Remastered 2001","spotify:artist:3oDbviiivRWhXwIE8hxkVV","The Beach Boys","spotify:album:47VjIh8rgyMJJHNR98w0Kw","The Very Best Of The Beach Boys: Sounds Of Summer","spotify:artist:3oDbviiivRWhXwIE8hxkVV","The Beach Boys","2003-01-01","https://i.scdn.co/image/ab67616d0000b273c5634c0532097e175199f07e","1","5","140726","https://p.scdn.co/mp3-preview/8c759bb84a63cd781c8b83c59ff62f4d5a96f050?cid=9950ac751e34487dbbe027c4fd7f8e99","false","40","USCA20001619","spotify:user:12163616235","2025-05-17T12:43:36Z"
"spotify:track:7awBgmQ3B0YscMXPBwE1gQ","Get on Your Feet","spotify:artist:5IFCkqu9J6xdWeYMk5I889","Gloria Estefan","spotify:album:4rPsV2qfjewaH9tAidFVv9","Cuts Both Ways","spotify:artist:5IFCkqu9J6xdWeYMk5I889","Gloria Estefan","1989-07-11","https://i.scdn.co/image/ab67616d0000b273d0371d39f13dd58d8f169f6d","1","8","218133","https://p.scdn.co/mp3-preview/878774111d567216b1cb6ae8bd4bb42ade0edbf3?cid=9950ac751e34487dbbe027c4fd7f8e99","false","42","USSM18900356","spotify:user:12163616235","2025-04-11T00:41:09Z"
"spotify:track:4y1LsJpmMti1PfRQV9AWWe","Girls Just Want to Have Fun","spotify:artist:2BTZIqw0ntH9MvilQ3ewNY","Cyndi Lauper","spotify:album:1FvdZ1oizXwF9bxogujoF0","She's So Unusual","spotify:artist:2BTZIqw0ntH9MvilQ3ewNY","Cyndi Lauper","1983-10-14","https://i.scdn.co/image/ab67616d0000b273ce023ce7dfdd5199bcdfd5a1","1","2","238120","https://p.scdn.co/mp3-preview/7f0a39e2981e2dcbf75783cef812e7d84726f650?cid=9950ac751e34487dbbe027c4fd7f8e99","false","85","USSM18300548","spotify:user:12163616235","2026-02-04T02:26:41Z"
"spotify:track:7HTH1ppjkkOe7RLoBDKXYJ","Good Day Sunshine - Remastered 2009","spotify:artist:3WrFJ7ztbogyGnTHbHJFl2","The Beatles","spotify:album:3PRoXYsngSwjEQWR5PsHWR","Revolver (Remastered)","spotify:artist:3WrFJ7ztbogyGnTHbHJFl2","The Beatles","1966-08-05","https://i.scdn.co/image/ab67616d0000b27328b8b9b46428896e6491e97a","1","8","129293","https://p.scdn.co/mp3-preview/4c08e1fd6402d8aecc3310a7a799283f35429afe?cid=9950ac751e34487dbbe027c4fd7f8e99","false","59","GBAYE0601500","spotify:user:12163616235","2025-04-11T00:41:25Z"
"spotify:track:1Ket3P7fn8XF7y3f15rUH8","Good Times - 7"" Edit; 2018 Remaster","spotify:artist:0Xf8oDAJYd2D0k3NLI19OV","CHIC","spotify:album:3Jhtxnrjbk5oxleA3oafAy","The Chic Organization 1977-1979 (2018 Remaster)","spotify:artist:0Xf8oDAJYd2D0k3NLI19OV","CHIC","2018-11-23","https://i.scdn.co/image/ab67616d0000b273b7ff955881d0c4fe6b4af092","5","7","225746","https://p.scdn.co/mp3-preview/c01c36e421aafbe12fb3704f09d44010ecb17703?cid=9950ac751e34487dbbe027c4fd7f8e99","false","45","USRH11803159","spotify:user:12163616235","2026-02-28T12:28:10Z"
"spotify:track:7hVhRCDV100Jq26NGR7adw","Good Times Roll","spotify:artist:6DCIj8jNaNpBz8e5oKFPtp","The Cars","spotify:album:4tJPWT4r4FSKwy784Qs1Fq","The Cars","spotify:artist:6DCIj8jNaNpBz8e5oKFPtp","The Cars","1978-06-06","https://i.scdn.co/image/ab67616d0000b273f725bc7907dcf15aa2c6e7b7","1","1","225853","https://p.scdn.co/mp3-preview/722456cfb08dea0cccafa7ce3bdc09641b61ee55?cid=9950ac751e34487dbbe027c4fd7f8e99","false","68","USEE10170463","spotify:user:12163616235","2025-04-11T00:42:07Z"
"spotify:track:755QPhAgO1YSmbs8a9M9b9","Grazing In the Grass","spotify:artist:2KK4fR5VwOjGzJxjbGxMIu","The Friends Of Distinction","spotify:album:3LPgvdYSDRmaRmZV0KA0Kw","Grazin'","spotify:artist:2KK4fR5VwOjGzJxjbGxMIu","The Friends Of Distinction","1969-03-26","https://i.scdn.co/image/ab67616d0000b273097973df1c59601913a992f6","1","1","174080","https://p.scdn.co/mp3-preview/8c71bfe23e2118c6931cc73b8b737223685d62ff?cid=9950ac751e34487dbbe027c4fd7f8e99","false","49","USRC16804205","spotify:user:12163616235","2025-04-11T00:42:18Z"
"spotify:track:6yJxCltgtmGxIgKOS6ndnu","Greatest Love of All","spotify:artist:6XpaIBNiVzIetEPCWDvAFP","Whitney Houston","spotify:album:2MH37enG6IPvNK5QFLyKes","Whitney Houston","spotify:artist:6XpaIBNiVzIetEPCWDvAFP","Whitney Houston","1985-02-14","https://i.scdn.co/image/ab67616d0000b2739015296f9afabfc102989521","1","9","297877","https://p.scdn.co/mp3-preview/274b9e8f81176b1645f5e582b8b33c26cf823045?cid=9950ac751e34487dbbe027c4fd7f8e99","false","74","USAR18500139","spotify:user:12163616235","2025-04-11T00:43:05Z"
"spotify:track:6dGnYIeXmHdcikdzNNDMm2","Here Comes The Sun - Remastered 2009","spotify:artist:3WrFJ7ztbogyGnTHbHJFl2","The Beatles","spotify:album:0ETFjACtuP2ADo6LFhL6HN","Abbey Road (Remastered)","spotify:artist:3WrFJ7ztbogyGnTHbHJFl2","The Beatles","1969-09-26","https://i.scdn.co/image/ab67616d0000b273dc30583ba717007b00cceb25","1","7","185733","https://p.scdn.co/mp3-preview/c92aa1522f4d342468892d77a4e55e27356aa295?cid=9950ac751e34487dbbe027c4fd7f8e99","false","85","GBAYE0601696","spotify:user:12163616235","2025-04-11T00:43:23Z"
"spotify:track:648BMGrt98kUbLo24A4vgj","Hip To Be Square","spotify:artist:7A9yZMTrFZcgEWAX2kBfK6","Huey Lewis & The News","spotify:album:5L0vaNLbzgP8RIJqs1zamE","Fore!","spotify:artist:7A9yZMTrFZcgEWAX2kBfK6","Huey Lewis & The News","1986-01-01","https://i.scdn.co/image/ab67616d0000b273f511dc00e29c2a2bdf483b53","1","5","245466","https://p.scdn.co/mp3-preview/8d90ce2ce10d9316cbbfbb553e66046b0acc315a?cid=9950ac751e34487dbbe027c4fd7f8e99","false","65","USCH38600003","spotify:user:12163616235","2025-04-11T00:43:36Z"
"spotify:track:3vfIv3pvYlLOa0wKIEuqFn","Hold Your Head Up","spotify:artist:46VosWAvtZsBl7rvxufsWG","Argent","spotify:album:0GFf0TG5bjP15PXW0RT3zI","All Together Now","spotify:artist:46VosWAvtZsBl7rvxufsWG","Argent","1971","https://i.scdn.co/image/ab67616d0000b2736c4d7eec4e3fbf6beec2f88e","1","1","377560","https://p.scdn.co/mp3-preview/8130ca20391f075b60c0b0f09e7fce106b74ba98?cid=9950ac751e34487dbbe027c4fd7f8e99","false","48","USSM17200527","spotify:user:12163616235","2025-04-11T00:43:49Z"
"spotify:track:6jp5izbiEvSiXXJjtDQlkb","Holiday Road - 2024 Remaster","spotify:artist:3Dzj993UEz8Z5ovxuirzFO","Lindsey Buckingham","spotify:album:3BhQLPGaAbOLHnPdMLBCg7","20th Century Lindsey","spotify:artist:3Dzj993UEz8Z5ovxuirzFO","Lindsey Buckingham","2024-06-14","https://i.scdn.co/image/ab67616d0000b273bb4b55e12d6e9b11468ec9df","4","1","132517","https://p.scdn.co/mp3-preview/fc61edcb5d77ef01c5253d299121c5c10b10c2a3?cid=9950ac751e34487dbbe027c4fd7f8e99","false","48","USRH12400370","spotify:user:12163616235","2025-04-11T00:44:05Z"
"spotify:track:30SCXVFyQGOFMdKnbgJS18","I Can See Clearly Now","spotify:artist:0nAVvgfE9yI4DwvMiYwk8a","Johnny Nash","spotify:album:0aBgqFsQmUQGw8emDAjNt4","The Best Of","spotify:artist:0nAVvgfE9yI4DwvMiYwk8a","Johnny Nash","1996-05-04","https://i.scdn.co/image/ab67616d0000b2735278202d9c719159cda7808a","1","1","166933","https://p.scdn.co/mp3-preview/1c4af675bf2491adf32edb102919dbd3be4620f9?cid=9950ac751e34487dbbe027c4fd7f8e99","false","63","GBBBN7200001","spotify:user:12163616235","2025-10-04T12:39:06Z"
"spotify:track:6mOxvwPlvcUhIOpRow7mty","I Go to Work - Single Edit","spotify:artist:2RE8NwNxsOyuNZDD0jRxHP","Kool Moe Dee","spotify:album:4KnjNngokggXeb9YC83gbv","I Go To Work","spotify:artist:2RE8NwNxsOyuNZDD0jRxHP","Kool Moe Dee","1989-05-30","https://i.scdn.co/image/ab67616d0000b273c10fd7aacd24f13754ba8f33","1","2","281266","https://p.scdn.co/mp3-preview/9a574e857cb13f420beec44578f0f4034e6cd00a?cid=9950ac751e34487dbbe027c4fd7f8e99","false","40","USJI12000094","spotify:user:12163616235","2025-05-01T20:17:58Z"
"spotify:track:5haXbSJqjjM0TCJ5XkfEaC","I Got You (I Feel Good)","spotify:artist:32r72WOqqRO1DtSznId7Lr","James Brown & The Famous Flames","spotify:album:5UqTOjkfRMzkORwpeOWtt3","I Got You (I Feel Good)","spotify:artist:32r72WOqqRO1DtSznId7Lr","James Brown & The Famous Flames","1966-02-01","https://i.scdn.co/image/ab67616d0000b273c813101657895c26f990b719","1","1","165800","https://p.scdn.co/mp3-preview/8a9fac11f510a6d5d6cd6ff903f6e8cd0c43dd54?cid=9950ac751e34487dbbe027c4fd7f8e99","false","73","USF066625050","spotify:user:12163616235","2025-04-11T00:44:32Z"
"spotify:track:1jDJFeK9x3OZboIAHsY9k2","I'm Still Standing","spotify:artist:3PhoLpVuITZKcymswpck5b","Elton John","spotify:album:0OmYuz9hwn1XoqmDaU0yJ7","Too Low For Zero","spotify:artist:3PhoLpVuITZKcymswpck5b","Elton John","1983-05-30","https://i.scdn.co/image/ab67616d0000b273eb11e2abccdca41f39ad3b89","1","2","183440","https://p.scdn.co/mp3-preview/e7eba4bb4727485ae61cbdf0465de20d904d2fc3?cid=9950ac751e34487dbbe027c4fd7f8e99","false","88","GBALX8300190","spotify:user:12163616235","2025-04-11T00:45:37Z"
"spotify:track:3MRQ3CSjoiV1HFil8ykM9M","I Still Haven't Found What I'm Looking For - Remastered 2007","spotify:artist:51Blml2LZPmy7TTiAg47vQ","U2","spotify:album:5vBZRYu2GLA65nfxBvG1a7","The Joshua Tree","spotify:artist:51Blml2LZPmy7TTiAg47vQ","U2","1987-03-10","https://i.scdn.co/image/ab67616d0000b273f8996a3f97e80d9d700635c3","1","2","277480","https://p.scdn.co/mp3-preview/2287534d0476bc732cfee92a941f7c3ed0b9beb3?cid=9950ac751e34487dbbe027c4fd7f8e99","false","80","GBUM70709783","spotify:user:12163616235","2025-08-22T20:14:28Z"
"spotify:track:0v1XpBHnsbkCn7iJ9Ucr1l","It's My Life","spotify:artist:58lV9VcRSjABbAbfWS6skp","Bon Jovi","spotify:album:0Q9SljCrM0CL0bR23MuP69","Crush","spotify:artist:58lV9VcRSjABbAbfWS6skp","Bon Jovi","2000-01-01","https://i.scdn.co/image/ab67616d0000b2737a231174875d7930de9dad58","1","1","224493","https://p.scdn.co/mp3-preview/83348d39a2fc16f67ed6724624987875c33912bf?cid=9950ac751e34487dbbe027c4fd7f8e99","false","85","USIR20000145","spotify:user:12163616235","2025-04-11T00:45:18Z"
"spotify:track:4wj8ppW6nJ5hYlgfeJNBn2","Joyride","spotify:artist:2SHhfs4BiDxGQ3oxqf0UHY","Roxette","spotify:album:2s39oUayLt0O5uXkdgmheY","Joyride","spotify:artist:2SHhfs4BiDxGQ3oxqf0UHY","Roxette","1991-03-28","https://i.scdn.co/image/ab67616d0000b27332e1aa5e872e62c9c2cfb678","1","1","263093","https://p.scdn.co/mp3-preview/323cf60bba65525e716363c1187adb7b58a99824?cid=9950ac751e34487dbbe027c4fd7f8e99","false","42","SEAMA9079010","spotify:user:12163616235","2025-04-11T00:45:49Z"
"spotify:track:7N3PAbqfTjSEU1edb2tY8j","Jump - 2015 Remaster","spotify:artist:2cnMpRsOVqtPMfq7YiFE6K","Van Halen","spotify:album:3REUXdj5OPKhuDTrTtCBU0","1984 (Remastered)","spotify:artist:2cnMpRsOVqtPMfq7YiFE6K","Van Halen","1984-01-04","https://i.scdn.co/image/ab67616d0000b273b414c63fb435b622238c15ed","1","2","241599","https://p.scdn.co/mp3-preview/86b253d59e8485604c5cdcba34b67caa9307c17f?cid=9950ac751e34487dbbe027c4fd7f8e99","false","80","USWB11403680","spotify:user:12163616235","2025-04-11T00:46:09Z"
"spotify:track:0uMMLry3hzWGn3q3loqMkm","La Bamba","spotify:artist:6OWapcJm9xd55ci9CYbAuT","Los Lobos","spotify:album:0FPwLfwQWd91kV5rZTzMlZ","La Bamba / Charlena","spotify:artist:6OWapcJm9xd55ci9CYbAuT","Los Lobos","1987-06-20","https://i.scdn.co/image/ab67616d0000b2736e0591ce6c529488ab3cf862","1","1","174186","https://p.scdn.co/mp3-preview/7d99bed1d9ec6051f7ca9391e4cb79e1b66342b4?cid=9950ac751e34487dbbe027c4fd7f8e99","false","72","USRH10802794","spotify:user:12163616235","2025-04-11T00:46:24Z"
"spotify:track:6r8k1vznHrzlEKYxL4dZEe","La Isla Bonita","spotify:artist:6tbjWDEIzxoDsBA1FuhfPW","Madonna","spotify:album:6fmnT17jc2Sc69q3nza1eD","True Blue","spotify:artist:6tbjWDEIzxoDsBA1FuhfPW","Madonna","1986-06-30","https://i.scdn.co/image/ab67616d0000b273de3094d98b62340d3268c7bc","1","7","242733","https://p.scdn.co/mp3-preview/52d1ee7e76fc956e22fcb5c0fcc1ce1cc800746e?cid=9950ac751e34487dbbe027c4fd7f8e99","false","80","USWB19903355","spotify:user:12163616235","2025-05-10T22:54:13Z"
"spotify:track:064SVQsmWl5EF0zahmzkQk","Let Your Love Flow","spotify:artist:5iB5AWIa7qreioi0AF3Bxa","The Bellamy Brothers","spotify:album:77EM0wkGevYQcBo1AJt7B0","Bellamy Brothers","spotify:artist:5iB5AWIa7qreioi0AF3Bxa","The Bellamy Brothers","1976-07-01","https://i.scdn.co/image/ab67616d0000b273dc0b5f94d9ee21d0eb209d81","1","6","196826","https://p.scdn.co/mp3-preview/5b748fccc2bf6ae74f992c3a19273eae7c37f5cd?cid=9950ac751e34487dbbe027c4fd7f8e99","false","74","USCRB0101211","spotify:user:12163616235","2025-04-11T00:47:04Z"
"spotify:track:5A9scs52hDGefDOTRNio5o","Light of a Clear Blue Morning","spotify:artist:32vWCbZh0xZ4o9gkz4PsEU","Dolly Parton","spotify:album:1cvsUKsk753nko4CmpzG4H","New Harvest...First Gathering","spotify:artist:32vWCbZh0xZ4o9gkz4PsEU","Dolly Parton","1977-02-14","https://i.scdn.co/image/ab67616d0000b273f6b59b662ca7c409822302e9","1","1","296090","https://p.scdn.co/mp3-preview/1680e22d71a4eb7f32c9c1bc35a5f80418f3ab42?cid=9950ac751e34487dbbe027c4fd7f8e99","false","62","USRN17600002","spotify:user:12163616235","2025-04-11T00:48:54Z"
"spotify:track:7Ar4G7Ci11gpt6sfH9Cgz5","Listen to the Music","spotify:artist:39T6qqI0jDtSWWioX8eGJz","The Doobie Brothers","spotify:album:2x1Yi30lsWJUoBj1kmovnm","Toulouse Street","spotify:artist:39T6qqI0jDtSWWioX8eGJz","The Doobie Brothers","1972","https://i.scdn.co/image/ab67616d0000b27391b51fa9b5967fb34c044498","1","1","227266","https://p.scdn.co/mp3-preview/8c0f0e1fcc1d1e6cb3baa54024b9181eff5ecf59?cid=9950ac751e34487dbbe027c4fd7f8e99","false","81","USWB10000626","spotify:user:12163616235","2025-04-11T00:49:07Z"
"spotify:track:0bRXwKfigvpKZUurwqAlEh","Lovely Day","spotify:artist:1ThoqLcyIYvZn7iWbj8fsj","Bill Withers","spotify:album:3QjPTUI6UcPr5m9RujkO3c","Menagerie","spotify:artist:1ThoqLcyIYvZn7iWbj8fsj","Bill Withers","1977-10-29","https://i.scdn.co/image/ab67616d0000b27367c1113f55ab816ef61d3993","1","1","257157","https://p.scdn.co/mp3-preview/4a81b4aa3e85cbfbfca9baa295b77e0df044af1d?cid=9950ac751e34487dbbe027c4fd7f8e99","false","82","USSM10207844","spotify:user:12163616235","2026-06-05T14:31:02Z"
"spotify:track:6CpYgr1lWHTmPHhNzMIQnW","Miserlou","spotify:artist:6Ycrt8OjGSSFihsb0446eg","Dick Dale","spotify:album:1nZdm2NWYjweOEXNzct84A","King of the Surf Guitar","spotify:artist:6Ycrt8OjGSSFihsb0446eg","Dick Dale","2012-10-30","https://i.scdn.co/image/ab67616d0000b273ac9b0127911d158363093823","1","1","135293","https://p.scdn.co/mp3-preview/86e3e66bd45636683e7eead907f7edb48c509283?cid=9950ac751e34487dbbe027c4fd7f8e99","false","0","QMXSL1201813","spotify:user:12163616235","2025-04-11T00:49:22Z"
"spotify:track:0lnxrQAd9ZxbhBBe7d8FO8","MMMBop","spotify:artist:0SdiiPkr02EUdekHZJkt58","Hanson","spotify:album:3StpQT9Qd87FSeWeQAdg1h","Middle Of Nowhere","spotify:artist:0SdiiPkr02EUdekHZJkt58","Hanson","1997-01-01","https://i.scdn.co/image/ab67616d0000b273184227f002623fc19f44551a","1","2","268653","https://p.scdn.co/mp3-preview/3ea5068e4b9ff95e3adbd05626ce3692b634952c?cid=9950ac751e34487dbbe027c4fd7f8e99","false","72","USMR19786791","spotify:user:12163616235","2025-04-24T01:52:34Z"
"spotify:track:2RlgNHKcydI9sayD2Df2xp","Mr. Blue Sky","spotify:artist:7jefIIksOi1EazgRTfW2Pk","Electric Light Orchestra","spotify:album:3usnShwygMXVZB4IV5dwnU","Out of the Blue","spotify:artist:7jefIIksOi1EazgRTfW2Pk","Electric Light Orchestra","1977","https://i.scdn.co/image/ab67616d0000b273c18c4e6c2978fb6cbdef85e2","1","13","303820","https://p.scdn.co/mp3-preview/686df25e650b454433fda8beedbdfd0140967c65?cid=9950ac751e34487dbbe027c4fd7f8e99","false","85","USSM17200399","spotify:user:12163616235","2025-04-11T00:49:43Z"
"spotify:track:3X7uFMzJrEE0sxn62qd8Ch","Nothing's Gonna Stop Us Now","spotify:artist:0kObWap02DEg9EAJ3PBxzf","Starship","spotify:album:3nCQjsOzTmnWM6gnjIaT8J","No Protection","spotify:artist:0kObWap02DEg9EAJ3PBxzf","Starship","1987-07-27","https://i.scdn.co/image/ab67616d0000b27350254eb5684495b8b67f507b","1","2","270333","https://p.scdn.co/mp3-preview/a17faa3145693e235f6eaddd17debde84dd503eb?cid=9950ac751e34487dbbe027c4fd7f8e99","false","86","USRC18702968","spotify:user:12163616235","2025-04-11T00:49:54Z"
"spotify:track:0suLngfo7rJoetk7Ub6N8l","Octopus's Garden - Remastered 2009","spotify:artist:3WrFJ7ztbogyGnTHbHJFl2","The Beatles","spotify:album:0ETFjACtuP2ADo6LFhL6HN","Abbey Road (Remastered)","spotify:artist:3WrFJ7ztbogyGnTHbHJFl2","The Beatles","1969-09-26","https://i.scdn.co/image/ab67616d0000b273dc30583ba717007b00cceb25","1","5","170720","https://p.scdn.co/mp3-preview/8b5233c8c7b9620deb1fc45c4304323392c9d578?cid=9950ac751e34487dbbe027c4fd7f8e99","false","70","GBAYE0601694","spotify:user:12163616235","2025-04-11T00:50:05Z"
"spotify:track:74JdR9aXE6I74oS1BVRsvb","O-o-h Child","spotify:artist:3Inrg8cs8oc4q8oPES4a6S","The Five Stairsteps","spotify:album:5RDrnVcOfimhUGIx84Uoid","The First Family of Soul: The Best of The Five Stairsteps","spotify:artist:3Inrg8cs8oc4q8oPES4a6S","The Five Stairsteps","2001-11-06","https://i.scdn.co/image/ab67616d0000b273b4b2642b767f641a15c9fef1","1","17","197160","https://p.scdn.co/mp3-preview/b2a2bc9a0f6b10225f5bad9ab9a8a7570f601f3b?cid=9950ac751e34487dbbe027c4fd7f8e99","false","66","USBR10100127","spotify:user:12163616235","2025-04-11T00:50:27Z"
"spotify:track:5u6y4u5EgDv0peILf60H5t","Oye Como Va","spotify:artist:6GI52t8N5F02MxU0g5U69P","Santana","spotify:album:1CHUXwuge9A7L2KiA3vnR6","Abraxas","spotify:artist:6GI52t8N5F02MxU0g5U69P","Santana","1970-09-23","https://i.scdn.co/image/ab67616d0000b273283cccda1ee115b8f44f1c8b","1","3","260229","https://p.scdn.co/mp3-preview/30d947c7a676b8285057f432651b5b316bbea6ef?cid=9950ac751e34487dbbe027c4fd7f8e99","false","70","USSM17000293","spotify:user:12163616235","2025-04-11T00:50:40Z"
"spotify:track:2mvalMaUbZOsd8jL98RPWY","Polk Salad Annie","spotify:artist:2RAajwxQybgx0iIibcGHLo","James Burton","spotify:album:3xV1UUajzfreKBOORS4YyL","The Guitar Sounds Of James Burton","spotify:artist:2RAajwxQybgx0iIibcGHLo","James Burton","1971-01-01","https://i.scdn.co/image/ab67616d0000b273cd2cb2da85bb057f0b51a6fd","1","1","214400","https://p.scdn.co/mp3-preview/745cd29d81c8493441bb95a8d7c8035557a715e7?cid=9950ac751e34487dbbe027c4fd7f8e99","false","31","USAM17102217","spotify:user:12163616235","2025-04-11T00:51:01Z"
"spotify:track:7CopJCaFaOsTrNpZanANip","Revival","spotify:artist:4wQ3PyMz3WwJGI5uEqHUVR","Allman Brothers Band","spotify:album:1K9yhJFW4FR8Rc1VURWA5T","Idlewild South (Deluxe Edition Remastered)","spotify:artist:4wQ3PyMz3WwJGI5uEqHUVR","Allman Brothers Band","1970-09-18","https://i.scdn.co/image/ab67616d0000b2734e4ad725fbfb99d854e1aa25","1","1","246253","https://p.scdn.co/mp3-preview/e1ff761b4ffd05e31016c7efda3d7f66a8dca625?cid=9950ac751e34487dbbe027c4fd7f8e99","false","37","USPR37030029","spotify:user:12163616235","2025-08-21T20:07:53Z"
"spotify:track:3fcGGP62sllcNEhuFJVYeC","Right Here Right Now","spotify:artist:0roeI3yPusDWwWRzAqTopw","Jesus Jones","spotify:album:7hKst6QIxeAcpOx3o2y6mi","Doubt","spotify:artist:0roeI3yPusDWwWRzAqTopw","Jesus Jones","1991-01-28","https://i.scdn.co/image/ab67616d0000b273bb31ee7f9507621c548f1ec2","1","5","189293","https://p.scdn.co/mp3-preview/7e726bbbe1574a74a39bbbcd4b6e56da7ea30be6?cid=9950ac751e34487dbbe027c4fd7f8e99","false","59","GBAYE9000326","spotify:user:12163616235","2025-05-17T12:43:57Z"
"spotify:track:2QlPByrmEO9XciNBXCrawR","Roll With It","spotify:artist:5gxynDEKwNDgxGJmJjZyte","Steve Winwood","spotify:album:6EGZHq3euiuESgxmzhIfSN","Roll With It","spotify:artist:5gxynDEKwNDgxGJmJjZyte","Steve Winwood","1988-01-01","https://i.scdn.co/image/ab67616d0000b273c833aad3e1bd21ddcdf0cab0","1","1","320733","https://p.scdn.co/mp3-preview/4878e9102bc9a571164461c809c354d10b824585?cid=9950ac751e34487dbbe027c4fd7f8e99","false","56","GBAAA8800199","spotify:user:12163616235","2025-04-11T00:51:37Z"
"spotify:track:16x9viSmRS3PII71Pdeowc","Roll with the Changes","spotify:artist:55vs7NT1KxcFjbMC4y202E","REO Speedwagon","spotify:album:3w0BIqN0uMoOT2l2ppKuXx","You Can Tune a Piano, But You Can't Tuna Fish","spotify:artist:55vs7NT1KxcFjbMC4y202E","REO Speedwagon","1978-03-16","https://i.scdn.co/image/ab67616d0000b27340c8a6ff21a1d52575185f38","1","1","335826","https://p.scdn.co/mp3-preview/7c7e9eb34f542d43b82d47823516af011d0a89c1?cid=9950ac751e34487dbbe027c4fd7f8e99","false","61","USSM17800947","spotify:user:12163616235","2025-04-11T00:51:38Z"
"spotify:track:4cXnUi6qulwgj0fLSu0VYE","Rubberneckin'","spotify:artist:43ZHCT0cAZBISjO8DG9PnE","Elvis Presley","spotify:album:37RnDHLg68pu4owUWJYmMt","Almost in Love","spotify:artist:43ZHCT0cAZBISjO8DG9PnE","Elvis Presley","1970-10-01","https://i.scdn.co/image/ab67616d0000b273550ad54dee11f46a1187ca9b","1","6","134659","https://p.scdn.co/mp3-preview/8fcf6b0d1fa34387b8338d1654eb975bec32d412?cid=9950ac751e34487dbbe027c4fd7f8e99","false","50","USRC16908282","spotify:user:12163616235","2025-04-11T00:51:55Z"
"spotify:track:4AiMaeCXwsldpwvA5wu5gM","Runnin' Down A Dream","spotify:artist:2UZMlIwnkgAEDBsw1Rejkn","Tom Petty","spotify:album:5d71Imt5CIb7LpQwDMQ093","Full Moon Fever","spotify:artist:2UZMlIwnkgAEDBsw1Rejkn","Tom Petty","1989-01-01","https://i.scdn.co/image/ab67616d0000b27336572e6726714544f5bed456","1","5","292000","https://p.scdn.co/mp3-preview/edbe44bdcdf237d5fe7584da9180351c40592899?cid=9950ac751e34487dbbe027c4fd7f8e99","false","68","USMC18925680","spotify:user:12163616235","2025-05-17T12:44:11Z"
"spotify:track:4OJFkrRQqol4FsPesF8eu4","Saturday in the Park - 2002 Remaster","spotify:artist:3iDD7bnsjL9J4fO298r0L0","Chicago","spotify:album:2oSXXINsWGuEsc4udgWxh8","Chicago V (Expanded & Remastered)","spotify:artist:3iDD7bnsjL9J4fO298r0L0","Chicago","1972-07-10","https://i.scdn.co/image/ab67616d0000b2738fd00df189dedf5d4eb5d9e1","1","7","235666","https://p.scdn.co/mp3-preview/d7bf9c2a1a70b3f47271df1271616270e3da36bb?cid=9950ac751e34487dbbe027c4fd7f8e99","false","70","USRH10291749","spotify:user:12163616235","2025-04-11T00:52:18Z"
"spotify:track:2grjqo0Frpf2okIBiifQKs","September","spotify:artist:4QQgXkCYTt3BlENzhyNETg","Earth\, Wind & Fire","spotify:album:2FW0uQ4WL25umm5p2VrZO7","The Best Of Earth, Wind & Fire Vol. 1","spotify:artist:4QQgXkCYTt3BlENzhyNETg","Earth\, Wind & Fire","1978-11-23","https://i.scdn.co/image/ab67616d0000b2732e7558daae7a80e1f5819aa1","1","7","215005","https://p.scdn.co/mp3-preview/5c241e847beb7556341f97d6bbea4ab9e41a99cc?cid=9950ac751e34487dbbe027c4fd7f8e99","false","79","USSM17800845","spotify:user:12163616235","2025-05-17T12:43:18Z"
"spotify:track:2VQSE7cwQ8u1trBP89NDxp","Shambala - Single Version","spotify:artist:4FAEZeJcsYYBkNq2D3KGTV","Three Dog Night","spotify:album:7nf5ECkHbmO8vB6IXSrXx4","Three Dog Night - The Complete Hit Singles","spotify:artist:4FAEZeJcsYYBkNq2D3KGTV","Three Dog Night","2004-01-01","https://i.scdn.co/image/ab67616d0000b273bd2cb24247cd3ab67f765114","1","16","205560","https://p.scdn.co/mp3-preview/e544958f58ff4429d44ae85f8d1fefc8bf97a811?cid=9950ac751e34487dbbe027c4fd7f8e99","false","24","USMC17349755","spotify:user:12163616235","2025-04-11T00:52:39Z"
"spotify:track:1v2zyAJrChw5JnfafSkwkJ","Shiny Happy People","spotify:artist:4KWTAlx2RvbpseOGMEmROg","R.E.M.","spotify:album:6yEuIwTQpciH1qtj7mP5GK","Out Of Time (25th Anniversary Edition)","spotify:artist:4KWTAlx2RvbpseOGMEmROg","R.E.M.","1991-03-12","https://i.scdn.co/image/ab67616d0000b273e2dd4e821bcc3f70dc0c8ffd","1","6","225786","https://p.scdn.co/mp3-preview/e2a6898f50a8fc0166fcab561da060ba0c2eec93?cid=9950ac751e34487dbbe027c4fd7f8e99","false","76","USC4R1605377","spotify:user:12163616235","2025-04-11T00:53:03Z"
"spotify:track:215JYyyUnrJ98NK3KEwu6d","Soak Up The Sun","spotify:artist:4TKTii6gnOnUXQHyuo9JaD","Sheryl Crow","spotify:album:5NYcTXrRZHxNyRKVOd0vs1","C'Mon, C'Mon","spotify:artist:4TKTii6gnOnUXQHyuo9JaD","Sheryl Crow","2002-04-08","https://i.scdn.co/image/ab67616d0000b2739ba3d667e7cb1fa7697791ff","1","2","292306","https://p.scdn.co/mp3-preview/f1936f204a8037c07fbcb747e961d1c67b3a0876?cid=9950ac751e34487dbbe027c4fd7f8e99","false","69","USAM10200092","spotify:user:12163616235","2025-04-24T01:52:43Z"
"spotify:track:1CM1wOqD2AIjt2MWd31LV2","Solsbury Hill","spotify:artist:7C4sUpWGlTy7IANjruj02I","Peter Gabriel","spotify:album:4jd6oC0It60c1J3GpXCv6M","Peter Gabriel 1: Car (Remastered Version)","spotify:artist:7C4sUpWGlTy7IANjruj02I","Peter Gabriel","1977-02-25","https://i.scdn.co/image/ab67616d0000b27358f54aa9cab1beffa7b806c1","1","2","261440","https://p.scdn.co/mp3-preview/55b642217252454cfa0f0ae52931ac83c4ff19da?cid=9950ac751e34487dbbe027c4fd7f8e99","false","66","GBCPB0900635","spotify:user:12163616235","2025-08-21T20:08:30Z"
"spotify:track:0pQskrTITgmCMyr85tb9qq","Starman - 2012 Remaster","spotify:artist:0oSGxfWSnnOXhD2fKuz2Gy","David Bowie","spotify:album:48D1hRORqJq52qsnUYZX56","The Rise and Fall of Ziggy Stardust and the Spiders from Mars (2012 Remaster)","spotify:artist:0oSGxfWSnnOXhD2fKuz2Gy","David Bowie","1972-06-06","https://i.scdn.co/image/ab67616d0000b273c41f4e1133b0e6c5fcf58680","1","4","254293","https://p.scdn.co/mp3-preview/6b0a9731bccd31cea4f1e229800e82b5c7be8f53?cid=9950ac751e34487dbbe027c4fd7f8e99","false","82","USJT11200004","spotify:user:12163616235","2025-05-10T22:54:40Z"
"spotify:track:1A2PWRltFrX8iB8IP3CUgo","St. Elmos Fire (Man in Motion)","spotify:artist:3Z1tibPKhUYWCno0IYicCN","John Parr","spotify:album:70P9doc1EAqyb36gRmaPcU","St. Elmo's Fire - Music From The Original Motion Picture Soundtrack","spotify:artist:0LyfQWJT6nXafLPZqxe9Of","Various Artists","1985-01-01","https://i.scdn.co/image/ab67616d0000b273c500e7ab2ab870a9fed56e8f","1","1","251800","https://p.scdn.co/mp3-preview/2e2d59d430aede5a672a82a0c884a2ca3d9f3203?cid=9950ac751e34487dbbe027c4fd7f8e99","false","65","USAT20105874","spotify:user:12163616235","2025-04-11T00:53:37Z"
"spotify:track:4yugZvBYaoREkJKtbG08Qr","Take It Easy - 2013 Remaster","spotify:artist:0ECwFtbIWEVNwjlrfc6xoL","Eagles","spotify:album:51B7LbLWgYLKBVSpkan8Z7","Eagles (2013 Remaster)","spotify:artist:0ECwFtbIWEVNwjlrfc6xoL","Eagles","1972-06-01","https://i.scdn.co/image/ab67616d0000b273c13acd642ba9f6f5f127aa1b","1","1","211577","https://p.scdn.co/mp3-preview/4b32d39b05829f2c442aa869354f0f63cefcef24?cid=9950ac751e34487dbbe027c4fd7f8e99","false","82","USEE11300314","spotify:user:12163616235","2026-03-11T03:00:21Z"
"spotify:track:2WfaOiMkCvy7F5fcp2zZ8L","Take on Me","spotify:artist:2jzc5TC5TVFLXQlBNiIUzE","a-ha","spotify:album:1ER3B6zev5JEAaqhnyyfbf","Hunting High and Low","spotify:artist:2jzc5TC5TVFLXQlBNiIUzE","a-ha","1985-06-01","https://i.scdn.co/image/ab67616d0000b273e8dd4db47e7177c63b0b7d53","1","1","225280","https://p.scdn.co/mp3-preview/d1427dd0a300eeccfc53b99a2ebf3c664a67414a?cid=9950ac751e34487dbbe027c4fd7f8e99","false","90","USWB19901214","spotify:user:12163616235","2025-04-11T00:53:47Z"
"spotify:track:0lzNXoZINVBLHWNIxKxWOo","Takin' Care Of Business","spotify:artist:5q4AzEtCoYJyXjMMoEkSU5","Bachman-Turner Overdrive","spotify:album:1p2tbwfEfN8kZNOi4F3bGH","Bachman-Turner Overdrive II","spotify:artist:5q4AzEtCoYJyXjMMoEkSU5","Bachman-Turner Overdrive","1973-12-01","https://i.scdn.co/image/ab67616d0000b27374c6742b403e88d8f7b31654","1","8","289893","https://p.scdn.co/mp3-preview/083f1b16036f2b8b2687cd5fb1c4c9a6bfb18dbc?cid=9950ac751e34487dbbe027c4fd7f8e99","false","68","USMR17387011","spotify:user:12163616235","2025-08-21T20:08:43Z"
"spotify:track:1cOj24fUMnBSXhtp7waHVW","That's What Friends Are For (with Elton John, Gladys Knight & Stevie Wonder)","spotify:artist:2JSjCHK79gdaiPWdKiNUNp, spotify:artist:3PhoLpVuITZKcymswpck5b, spotify:artist:2aXiJJHJei5BmCykxI37y0, spotify:artist:7guDJrEfX3qb6FEbdPA5qi","Dionne Warwick, Elton John, Gladys Knight, Stevie Wonder","spotify:album:0HpZFxWfSL8V4wzEtUvGFo","Greatest Hits 1979-1990","spotify:artist:2JSjCHK79gdaiPWdKiNUNp","Dionne Warwick","1989-10-31","https://i.scdn.co/image/ab67616d0000b2733c985752163b8575af080bfa","1","1","256466","https://p.scdn.co/mp3-preview/4b518e868e5921a24f6e20b2a11f281c55ca173f?cid=9950ac751e34487dbbe027c4fd7f8e99","false","53","USAR18500220","spotify:user:12163616235","2025-04-11T00:53:57Z"
"spotify:track:20goCmuuu3ho1ud4gtfiRL","The Next Time I'm In Town","spotify:artist:4dZrt8Ong5t7YYpvbfp0RU, spotify:artist:0FI0kxP0BWurTz8cB8BBug","Chet Atkins, Mark Knopfler","spotify:album:1bM9eZEF8WKXlQEKOlKZhB","Neck And Neck","spotify:artist:4dZrt8Ong5t7YYpvbfp0RU, spotify:artist:0FI0kxP0BWurTz8cB8BBug","Chet Atkins, Mark Knopfler","1990","https://i.scdn.co/image/ab67616d0000b2737949b7c18a6809c510331437","1","10","202400","https://p.scdn.co/mp3-preview/b1b868e368fb70fb15c74c014692b834801bfabd?cid=9950ac751e34487dbbe027c4fd7f8e99","false","38","USSM19907522","spotify:user:12163616235","2025-08-21T20:08:18Z"
"spotify:track:423o3ZHIaBtGXyhF1uH41a","Walk of Life","spotify:artist:0WwSkZ7LtFUFjGjMZBMt6T","Dire Straits","spotify:album:7jvcSnCnugLcisBCNBm60s","Brothers in Arms","spotify:artist:0WwSkZ7LtFUFjGjMZBMt6T","Dire Straits","1985-05-13","https://i.scdn.co/image/ab67616d0000b273fb995d2871f084b34afae3b3","1","3","252466","https://p.scdn.co/mp3-preview/0d7bde2ecf309789f8f687da66c175338bb1d989?cid=9950ac751e34487dbbe027c4fd7f8e99","false","72","GBF088500675","spotify:user:12163616235","2025-04-11T00:54:09Z"
"spotify:track:05wIrZSwuaVWhcv5FfqeH0","Walking On Sunshine","spotify:artist:2TzHIUhVpeeDxyJPpQfnV3","Katrina & The Waves","spotify:album:1UQG78YJjaBySRMh0A8Uw7","Katrina & The Waves","spotify:artist:2TzHIUhVpeeDxyJPpQfnV3","Katrina & The Waves","1985","https://i.scdn.co/image/ab67616d0000b273eafaf556eda644a745d0144d","1","6","238733","https://p.scdn.co/mp3-preview/bdb74b1bc099b5201744ee766e537d4e068c9153?cid=9950ac751e34487dbbe027c4fd7f8e99","false","81","USCA28500452","spotify:user:12163616235","2025-04-11T00:54:33Z"
"spotify:track:3Z2tPWiNiIpg8UMMoowHIk","We Are The World","spotify:artist:7sF6m3PpW6G6m6J2gzzmzM","U.S.A. For Africa","spotify:album:2O6gXGWFJcNrLYAqDINrDa","We Are The World","spotify:artist:7sF6m3PpW6G6m6J2gzzmzM","U.S.A. For Africa","1985-01-01","https://i.scdn.co/image/ab67616d0000b273920f421260033ee54865d673","1","1","427333","https://p.scdn.co/mp3-preview/2157889701d1e849f5ee7c5c2b58578d9a9652d4?cid=9950ac751e34487dbbe027c4fd7f8e99","false","72","US25T8511672","spotify:user:12163616235","2025-04-11T00:55:00Z"
"spotify:track:2g2GkH3vZHk4lWzBjgQ6nY","(What A) Wonderful World","spotify:artist:6hnWRPzGGKiapVX1UCdEAC","Sam Cooke","spotify:album:3Seie4YIVLWtPw2hQrouNY","The Man Who Invented Soul","spotify:artist:6hnWRPzGGKiapVX1UCdEAC","Sam Cooke","2000-09-26","https://i.scdn.co/image/ab67616d0000b273cdea00c6905f588e1f72ccad","1","21","125440","https://p.scdn.co/mp3-preview/e31b83cabf540ec00af15181e56b44609d8a30e7?cid=9950ac751e34487dbbe027c4fd7f8e99","false","65","USRC10000389","spotify:user:12163616235","2026-06-05T14:43:47Z"
"spotify:track:4sscDOZCkbLSlDqcCgUJnX","Whip It","spotify:artist:0UKfenbZb15sqhfPC6zbt3","DEVO","spotify:album:6UsP4NQ9K4L4Nqxj0Qis41","Freedom of Choice","spotify:artist:0UKfenbZb15sqhfPC6zbt3","DEVO","1980","https://i.scdn.co/image/ab67616d0000b273f4f1f36551dd41c5442c2a2f","1","3","161133","https://p.scdn.co/mp3-preview/173e063e18defd14c084c52a166d1ff34c987b2f?cid=9950ac751e34487dbbe027c4fd7f8e99","false","67","USWB10000035","spotify:user:12163616235","2025-04-11T00:55:34Z"
"spotify:track:3gH3AxHKptBuYVcJilLCeR","Why Should I Worry - from 'Oliver & Company' OST","spotify:artist:1HvcqyRLS9nF8hAbTWOqpr, spotify:artist:3iEzz6xPCtHML4l8OuPsNK, spotify:artist:6zFYqv1mOsgBRQbae3JJ9e","Dan Hartman, Charlie Midnight, Billy Joel","spotify:album:5nWLdbqnLvx8z8vpzWuwcg","My Lives","spotify:artist:6zFYqv1mOsgBRQbae3JJ9e","Billy Joel","2005-11-22","https://i.scdn.co/image/ab67616d0000b273512991c038c5dccb4a21d68d","3","15","212880","https://p.scdn.co/mp3-preview/254043a21e72a1fdf79a6cc0388d726bf2b2bb65?cid=9950ac751e34487dbbe027c4fd7f8e99","false","52","USWD10220028","spotify:user:12163616235","2025-04-11T00:55:45Z"
"spotify:track:4TBBPZks71c60whhq0PgdP","(Your Love Keeps Lifting Me) Higher & Higher","spotify:artist:4VnomLtKTm9Ahe1tZfmZju","Jackie Wilson","spotify:album:1NXxURGbIYbunQfXmChHAl","The Ultimate Jackie Wilson","spotify:artist:4VnomLtKTm9Ahe1tZfmZju","Jackie Wilson","2006","https://i.scdn.co/image/ab67616d0000b27338266f9d67ff7283d886918b","2","1","181066","https://p.scdn.co/mp3-preview/41b46f8c22422d4c47dfa811be0a7f8763322ef4?cid=9950ac751e34487dbbe027c4fd7f8e99","false","58","USBWC0110047","spotify:user:12163616235","2026-06-05T14:44:08Z"
"spotify:track:4fKhRRYn7F5shZItjJkPJU","Watching The Wheels - Remastered 2010","spotify:artist:4x1nvY2FN8jxqAFA0DA02H","John Lennon","spotify:album:15q7N7Wo307mfjqR29NpjF","Double Fantasy: Stripped Down","spotify:artist:4x1nvY2FN8jxqAFA0DA02H, spotify:artist:2s4tjL6W3qrblOe0raIzwJ","John Lennon, Yoko Ono","1980-11-17","https://i.scdn.co/image/ab67616d0000b2736eac0f2b77d85a59f0cf9b3e","2","8","239933","https://p.scdn.co/mp3-preview/964c1eaccb469290b0d50b69b1cb33f3a09442db?cid=9950ac751e34487dbbe027c4fd7f8e99","false","61","USTO11000022","spotify:user:12163616235","2026-06-05T14:49:40Z"
"spotify:track:2V2hMQwfQU7J25TRdPzVPH","Blow Away - 2009 Remaster","spotify:artist:7FIoB5PHdrMZVC3q2HE5MS","George Harrison","spotify:album:3SqK7kAMsFTRjx2Ze34n7L","Let It Roll - Songs of George Harrison","spotify:artist:7FIoB5PHdrMZVC3q2HE5MS","George Harrison","2009-01-01","https://i.scdn.co/image/ab67616d0000b2733f42a91d0db1ea64bde01189","1","15","239226","https://p.scdn.co/mp3-preview/7657ae2e3c3561e84c146424e3ba8343ca851ec5?cid=9950ac751e34487dbbe027c4fd7f8e99","false","27","GBEXP0900008","spotify:user:12163616235","2026-06-05T14:50:06Z"
"spotify:track:0szKeS5WTmnMzFIgJCQllo","It Don't Come Easy","spotify:artist:6DbJi8AcN5ANdtvJcwBSw8","Ringo Starr","spotify:album:30HX2qhSInJL0rxjH4F1mE","Very Best Of","spotify:artist:6DbJi8AcN5ANdtvJcwBSw8","Ringo Starr","2007-01-01","https://i.scdn.co/image/ab67616d0000b27356bdd7289b6953142d214c45","1","2","181880","https://p.scdn.co/mp3-preview/d5199605f5ca33227607f680fd677ef25e8c9535?cid=9950ac751e34487dbbe027c4fd7f8e99","false","35","GBAYE7100371","spotify:user:12163616235","2026-06-05T14:51:05Z"
"spotify:track:68aBAtxbDkzipPpnBDUx6O","Coming Up - Live At Glasgow / 2022 Remaster","spotify:artist:3sFhA6G1N0gG1pszb6kk1m","Wings","spotify:album:24Ry7fTxUg3Aty8BGqZcvt","The 7” Singles","spotify:artist:4STHEaNw4mPZ2tzheohgXB","Paul McCartney","2022-12-02","https://i.scdn.co/image/ab67616d0000b273ce1ecfabdcd14b0521d784d5","1","59","230226","https://p.scdn.co/mp3-preview/a6cdad0b00fecbdedd690b1652542eeac026929b?cid=9950ac751e34487dbbe027c4fd7f8e99","false","14","GBCCS2200021","spotify:user:12163616235","2026-06-05T14:53:30Z"
"spotify:track:7yFvSYKk3g5g8e7Ffl16ws","Three Little Birds","spotify:artist:2QsynagSdAqZj3U9HgDzjD","Bob Marley & The Wailers","spotify:album:655KljKIXl42fiNDMKivbY","Exodus","spotify:artist:2QsynagSdAqZj3U9HgDzjD","Bob Marley & The Wailers","1977-06-03","https://i.scdn.co/image/ab67616d0000b273d7f3e4d143c198d3542a775d","1","9","180266","https://p.scdn.co/mp3-preview/30af46efcab458c3535755bc384cef034e2519b1?cid=9950ac751e34487dbbe027c4fd7f8e99","false","81","USIR27700016","spotify:user:12163616235","2026-06-05T14:54:07Z"
"spotify:track:04EnF5C2HvYZfGu64Bng7I","What You Need","spotify:artist:1eClJfHLoDI4rZe5HxzBFv","INXS","spotify:album:1U6tgUieq2uuKip6DVxM31","Listen Like Thieves","spotify:artist:1eClJfHLoDI4rZe5HxzBFv","INXS","1985-10-14","https://i.scdn.co/image/ab67616d0000b2737cc210b821366ee0c76df23c","1","1","214000","https://p.scdn.co/mp3-preview/7315aa524bd9dada8b182969d8f7815a7617d112?cid=9950ac751e34487dbbe027c4fd7f8e99","false","54","USAT29901626","spotify:user:12163616235","2026-06-05T14:55:09Z"
"spotify:track:28285KFbyCq8sJofn58qlD","Love Train","spotify:artist:38h03gA85YYPeDPd9ER9rT","The O'Jays","spotify:album:09jTPeDoSuJLLAwFGNUKCX","Back Stabbers","spotify:artist:38h03gA85YYPeDPd9ER9rT","The O'Jays","1972-01-01","https://i.scdn.co/image/ab67616d0000b2737bc09ea8d6c7db1993dfb77d","1","10","178400","https://p.scdn.co/mp3-preview/ce505b0ea58a9441419356e3789ee1fca7010c97?cid=9950ac751e34487dbbe027c4fd7f8e99","false","68","USSM17200048","spotify:user:12163616235","2026-06-05T14:56:17Z"
"spotify:track:3ieDOGcOqVxScs2VZBzidt","Learning to Fly","spotify:artist:0k17h0D3J5VfsdmQ1iZtE9","Pink Floyd","spotify:album:4xODvcpjOOgu4oKWL0sCte","A Momentary Lapse of Reason","spotify:artist:0k17h0D3J5VfsdmQ1iZtE9","Pink Floyd","1987-09-08","https://i.scdn.co/image/ab67616d0000b273e45dcb36f58a912127dc77b4","1","2","292080","https://p.scdn.co/mp3-preview/169e590ad688dd85c9e73be1760a9caccd5be19d?cid=9950ac751e34487dbbe027c4fd7f8e99","false","69","GBN9X1100002","spotify:user:12163616235","2026-06-05T14:57:31Z"
"spotify:track:5BXj1QDRU77J1ngVavG1tI","Kyrie - Single Version","spotify:artist:7Bah8E0kCETqEpAHI6CPzQ","Mr. Mister","spotify:album:0qCccU99b8JabM1xPpWJKh","The Best of Mr. Mister","spotify:artist:7Bah8E0kCETqEpAHI6CPzQ","Mr. Mister","2001-04-17","https://i.scdn.co/image/ab67616d0000b27346859b1ff4f5f8f59af4d364","1","7","256959","https://p.scdn.co/mp3-preview/f7d11ce2f1835c285ba3005c78f2bb93f625dbb1?cid=9950ac751e34487dbbe027c4fd7f8e99","false","60","USRC10100412","spotify:user:12163616235","2026-06-05T14:58:20Z"
"spotify:track:0lqfBvf1Gqmmt3l5Qeirlm","R.O.C.K. In The U.S.A. (A Salute To 60's Rock)","spotify:artist:3lPQ2Fk5JOwGWAF3ORFCqH","John Mellencamp","spotify:album:1BYEhfr8qQGNhbqPAbfnxk","Scarecrow","spotify:artist:3lPQ2Fk5JOwGWAF3ORFCqH","John Mellencamp","1985","https://i.scdn.co/image/ab67616d0000b273b46e7ea6a6b2fa45caa23393","1","11","174360","https://p.scdn.co/mp3-preview/cbddfc8aa7b7989b0f3e0c5563295bfca472ff46?cid=9950ac751e34487dbbe027c4fd7f8e99","false","59","USJM18500002","spotify:user:12163616235","2026-06-05T14:58:49Z"
"spotify:track:5kz9GDBTX846OXwqWoyKzF","We Got The Beat","spotify:artist:2mG8HHQ9S9kcbjcrb5N1FE","The Go-Go's","spotify:album:1L4HE00En7eNK74voVZums","Beauty And The Beat","spotify:artist:2mG8HHQ9S9kcbjcrb5N1FE","The Go-Go's","1981-01-01","https://i.scdn.co/image/ab67616d0000b2738a25755534e84d8a604e6b38","1","6","153133","https://p.scdn.co/mp3-preview/94c4d7c2ebd397e83e7a50da3c8948e57611cd9e?cid=9950ac751e34487dbbe027c4fd7f8e99","false","62","USWWW0128900","spotify:user:12163616235","2026-06-05T15:08:30Z"
"spotify:track:3XIEWK1V9n25PS9Vb6axj5","Born to Be Alive - The Original","spotify:artist:1CcEgi464SWZsKY5579u7z","Patrick Hernandez","spotify:album:0kVK9lFFTzhnEb4ETElbCD","Born to Be Alive (The Original)","spotify:artist:1CcEgi464SWZsKY5579u7z","Patrick Hernandez","1978","https://i.scdn.co/image/ab67616d0000b273b2622bac004d3ef8fac1095b","1","1","188133","https://p.scdn.co/mp3-preview/5898691af1ed6722dfb6d16340d92a39e55e383d?cid=9950ac751e34487dbbe027c4fd7f8e99","false","78","FRX957900007","spotify:user:12163616235","2026-07-18T00:05:47Z"
"spotify:track:5BckPAYcKEJuYs1eV1BHHe","Take A Chance On Me","spotify:artist:0LcJLqbBmaGUft1e9Mm8HV","ABBA","spotify:album:5fLOHW1UXr1cJrnXiU3FBt","The Album","spotify:artist:0LcJLqbBmaGUft1e9Mm8HV","ABBA","1977","https://i.scdn.co/image/ab67616d0000b2736f705bef76c1d861c4d51d8c","1","2","243933","https://p.scdn.co/mp3-preview/a4f1d26b231c702d09d1a0301a22021c47ceab0a?cid=9950ac751e34487dbbe027c4fd7f8e99","false","79","SEAYD7702020","spotify:user:12163616235","2026-09-21T15:03:05Z"
"spotify:track:4q02g6P6FxHVGxTfVxbYGk","Roam - 2019 Remaster","spotify:artist:3gdbcIdNypBsYNu3iiCjtN","The B-52's","spotify:album:3ueq8HNaKowofxk69MuDQs","Cosmic Thing (30th Anniversary Expanded Edition)","spotify:artist:3gdbcIdNypBsYNu3iiCjtN","The B-52's","1989-06-27","https://i.scdn.co/image/ab67616d0000b2731ad5193a31f6b6e7147cf441","1","6","294926","https://p.scdn.co/mp3-preview/a4570f6b4fe631b63e51a037c3dcda11812e5ab6?cid=9950ac751e34487dbbe027c4fd7f8e99","false","35","USRH11901964","spotify:user:12163616235","2026-09-21T15:03:55Z"
"spotify:track:6H3Wa6hWR9DRMzMSd4pZkT","Make Your Own Kind Of Music","spotify:artist:5jX7X3kRkfJTRqAdT7RcHk","Cass Elliot","spotify:album:3x44BijmAfm1N7Cs7yILL4","Mama's Big Ones","spotify:artist:5jX7X3kRkfJTRqAdT7RcHk","Cass Elliot","1973-09-28","https://i.scdn.co/image/ab67616d0000b2731441866921b337b26dd53cff","1","3","139533","https://p.scdn.co/mp3-preview/6b97472f534e0ead599261613267f5ff3f823fc2?cid=9950ac751e34487dbbe027c4fd7f8e99","false","71","USMC16951587","spotify:user:12163616235","2026-10-02T23:00:49Z"
"spotify:track:6CU0zWIWVTEnmWpSjVHM93","You Gotta Be","spotify:artist:73ZPfpfg1LBVvDEArK4l5B","Des'ree","spotify:album:1Q9leCDLTJZIMmnXziq8mU","I Ain't Movin'","spotify:artist:73ZPfpfg1LBVvDEArK4l5B","Des'ree","1994-04-27","https://i.scdn.co/image/ab67616d0000b273b377dfe19197193c621ed7aa","1","1","245200","https://p.scdn.co/mp3-preview/0eda33de856d3546571605c0ef8d3d1b352c825e?cid=9950ac751e34487dbbe027c4fd7f8e99","false","69","GBBBN0009325","spotify:user:12163616235","2026-10-02T23:01:06Z"
"spotify:track:0qxYx4F3vm1AOnfux6dDxP","You Can Call Me Al","spotify:artist:2CvCyf1gEVhI0mX6aFXmVI","Paul Simon","spotify:album:6WgGWYw6XXQyLTsWt7tXky","Graceland (25th Anniversary Deluxe Edition)","spotify:artist:2CvCyf1gEVhI0mX6aFXmVI","Paul Simon","1986-08-12","https://i.scdn.co/image/ab67616d0000b273e5855edffddef46b7feff49b","1","6","280586","https://p.scdn.co/mp3-preview/d9144f35328ebf1e07dea90119171fcf468e9f45?cid=9950ac751e34487dbbe027c4fd7f8e99","false","79","USSM11002274","spotify:user:12163616235","2026-10-02T23:01:39Z"
